draw,random_network_mean_MAE_ugm3
0,21.70594805166077
1,28.84633093340034
2,17.758600251192345
3,23.990086433220423
4,19.600903480703305
5,14.202288833030844
6,26.517402473746106
7,19.815895146619223
8,20.73359166635753
9,18.32919438420294
10,14.98822011339032
11,15.323478042976616
12,20.929465111887776
13,23.382056570862904
14,17.034001984371567
15,22.48527984007639
16,18.41834513868576
17,24.571198091413592
18,20.35206419095146
19,26.205720711174227
20,25.251903214461777
21,25.852693528132885
22,15.106075342320706
23,17.753377751411616
24,27.248664669339732
25,23.626854399541262
26,17.86057388621999
27,23.25252566812607
28,19.68718474213223
29,18.74593040592138
30,22.716811611427886
31,21.242852335362944
32,16.69372762164049
33,19.859066677485043
34,16.41549264392316
35,25.655502887792196
36,16.018370739788644
37,22.024335195527332
38,20.084670853725118
39,17.397780897202576
40,22.474169818287606
41,22.359412343009314
42,28.01986257376855
43,20.27669054012622
44,18.831298743643167
45,17.559372134064027
46,19.259923085729024
47,18.383253904584517
48,26.518558614301497
49,24.138688794100858
50,25.42035704380073
51,22.720899366100365
52,23.13939243141637
53,17.613821743433686
54,25.52858711865346
55,19.263221223655
56,20.41456458023882
57,13.589161844846737
58,23.316816945012302
59,24.316188919777176
60,22.55711753711384
61,20.772361881969058
62,22.26838266105385
63,17.495208978892318
64,16.83208160166365
65,20.96535461802424
66,17.987092330200877
67,18.37365190904003
68,16.55090767124017
69,19.97248000873181
70,20.788365063307914
71,16.697988149729174
72,13.111009483416533
73,24.784469051350158
74,20.58358238927298
75,19.872427941674015
76,29.60716882573796
77,24.536933939276427
78,20.73794633225344
79,17.615122403484524
80,23.132452646862365
81,20.303877075001292
82,16.1705080309989
83,28.69509367713576
84,23.499719224162693
85,23.715217106449114
86,19.940854814129548
87,15.559307288574464
88,18.15262098588451
89,16.103948877053913
90,26.54994396255833
91,15.378853734178165
92,17.39826987731756
93,17.035629377197232
94,19.48662846970068
95,19.284846768198644
96,18.60193202033868
97,21.289743583433758
98,17.862874863685658
99,24.786501260821083
100,22.129767820266334
101,20.43607108148427
102,17.96483519001328
103,19.60238921005215
104,19.377795345833047
105,20.44144418702041
106,20.546285348127338
107,18.461606884723665
108,22.013942610803465
109,19.959627142259063
110,24.89456163549707
111,21.339650206478485
112,16.890383937365197
113,20.07218469258823
114,25.303332811245387
115,19.584765693486442
116,19.260202686574598
117,18.527799556950118
118,18.480258578675425
119,21.799060164109502
120,23.026454850778475
121,21.29583168344401
122,24.58959634098336
123,23.297746413217045
124,23.823680538847622
125,21.48516188986235
126,20.81895313681576
127,16.221113557682177
128,17.7449136042749
129,22.42872206522205
130,19.878498538926625
131,15.949094810708445
132,22.09993171614839
133,23.148787911803282
134,22.526398256318206
135,19.618847087571645
136,21.945000122088114
137,26.25327562544001
138,13.372610849421903
139,15.667754121158284
140,17.630257226007206
141,27.97212254765854
142,25.770681369686457
143,24.029703047004805
144,22.626729725799652
145,15.197749870693402
146,25.91670920002737
147,19.828574047854655
148,25.51162431652983
149,17.919561734765143
150,23.01929062026106
151,23.63900044658681
152,23.412524716995744
153,21.417433737998916
154,18.40934864166919
155,23.624886310648275
156,21.692727237331216
157,23.582900166268413
158,24.349248148532606
159,17.317531181568413
160,18.409292216315713
161,19.0837016358619
162,21.64462160016285
163,17.947227825167662
164,22.429680828094877
165,30.141607275078513
166,24.117577549168676
167,22.090343275528284
168,20.8887307360974
169,20.73037103591819
170,23.259476024493296
171,17.24927817072816
172,27.724737357440713
173,15.026036103577889
174,22.08452873986573
175,24.361677970652277
176,18.43647769274882
177,27.29329962024968
178,24.53864574969533
179,16.686719408225404
180,21.546935733079124
181,32.03150416338248
182,17.89818190994097
183,18.0066497698359
184,19.287869653783137
185,18.611295016660545
186,26.85555438180638
187,21.58715414825798
188,13.15418145395345
189,20.540167183739886
190,19.204275347809272
191,16.20920889091479
192,20.65800842326157
193,17.357543687348777
194,26.39840874487011
195,22.58754671125014
196,19.658178335040972
197,22.421637475220525
198,15.562191015504402
199,22.258491059878185
200,17.926549870605175
201,14.303070589525012
202,23.36304135917584
203,22.149288983461066
204,20.06215906977783
205,22.32711977648427
206,21.47586483321705
207,20.42320409699745
208,19.30445985022332
209,14.707743883471409
210,14.833711203905986
211,18.54672599104143
212,15.866815791735554
213,18.3467451993003
214,22.424663842539406
215,20.334352598658807
216,23.775642443104342
217,26.380037357568316
218,18.381062009374567
219,25.68674127310045
220,18.31208408022201
221,23.65044887876701
222,19.91790432227343
223,21.09632557278402
224,18.280614005471147
225,17.011447152929076
226,25.508500911048145
227,17.39183394856606
228,14.149959245529502
229,20.384074628667268
230,21.6367795968756
231,25.99882437896254
232,23.91717873813145
233,22.035517310381866
234,18.60428737502448
235,19.35225122143349
236,23.253058365804076
237,21.296721882312237
238,22.8176963791861
239,16.511546055404025
240,22.29056504711913
241,23.75677710159658
242,28.356567046961157
243,20.048632950941407
244,16.52618432337951
245,18.359837624616
246,22.833242149911708
247,21.901523728141736
248,20.777322175520077
249,17.400914874650727
250,16.29060935739384
251,19.798093558656063
252,18.167436506605448
253,21.321459513745815
254,21.572590964768185
255,15.396247227689331
256,21.997916112303383
257,18.637712291010544
258,18.398936469635604
259,19.56213380964598
260,26.04711144635256
261,21.837902370077888
262,20.640519737940505
263,24.275018464861247
264,27.551234244809816
265,24.154115117109825
266,19.882191203171654
267,23.06057478907014
268,15.403928626068982
269,19.68218237557259
270,24.417028068713147
271,16.14803949785492
272,18.3424940298524
273,14.95904628287868
274,21.864496210160464
275,20.79796402630154
276,22.22338884319907
277,18.097770291497522
278,21.550230243769956
279,26.599525601046327
280,16.85324323657332
281,18.999656878002067
282,19.601237275184996
283,20.61547217294718
284,20.104352129049797
285,16.037361835926497
286,17.64422179204848
287,13.31799358316291
288,21.717061233911405
289,23.777474778745063
290,13.022623636088868
291,18.956875989847788
292,21.207900481051396
293,20.568424024978185
294,17.796579977743626
295,20.55453447514331
296,17.58487119837959
297,22.545877260594626
298,19.768733790448625
299,20.346723674932957
300,21.391033267731164
301,21.56214781176517
302,15.227126930453574
303,19.749876400956534
304,15.394314595978614
305,19.466379397995794
306,23.515304986469754
307,17.06572846370417
308,25.635131654906417
309,16.733613818839277
310,24.743540843551003
311,16.2743132959657
312,20.067082318357127
313,23.828599350557983
314,27.194757258382026
315,17.04765255368786
316,26.070167581425384
317,26.146475916379888
318,20.79288098491994
319,20.603660186564568
320,24.280069551623708
321,18.95704844909945
322,23.869498746887867
323,17.672570811017206
324,19.088815898470205
325,24.684679157790978
326,19.534286934684644
327,16.495045489574135
328,21.2152663428402
329,18.82300341570603
330,19.208365826382057
331,19.428280197209915
332,12.779104024566315
333,16.967517090459378
334,22.19632717749147
335,19.29513294472302
336,21.009153076220183
337,21.807652737836587
338,25.996263383301024
339,23.64882197641987
340,15.519528315162082
341,23.29904846366821
342,22.39622053768781
343,19.845035164511355
344,17.62718328623214
345,15.851434838577035
346,22.76355789559872
347,17.77106956084666
348,25.32025349961393
349,20.89066058603778
350,19.291037122798375
351,20.475091105764278
352,25.886298457914336
353,23.124026472673975
354,21.71411988361949
355,20.37344836163778
356,22.921770840668433
357,19.260020809126317
358,19.04726322135217
359,29.066960249019797
360,17.719056595270278
361,20.633438017999218
362,20.362919794007023
363,17.161894031248632
364,20.840063200596877
365,18.60720130985519
366,23.932473951869813
367,18.14486259434418
368,19.965970301349177
369,20.05002786461397
370,20.458535811529263
371,16.03381884225357
372,19.78538875078892
373,21.78586724189307
374,19.81885701721192
375,21.519721948257637
376,19.553096252755537
377,20.042071390824034
378,18.313683472520225
379,17.494104130846654
380,20.865643670037084
381,24.673902661252527
382,23.253005679645813
383,14.406996185977638
384,14.718827152644907
385,25.365605157419406
386,18.986236157156515
387,26.097061752440553
388,30.67838099530235
389,16.59276575770954
390,25.725037217049834
391,23.144391680974234
392,14.624154529473325
393,21.92407989739394
394,17.646233316101238
395,18.468811793417327
396,16.11747655601908
397,15.925128092030036
398,17.238607670740894
399,15.132068150476153
400,21.141174512741607
401,17.251926699893346
402,20.669003637192837
403,22.827619231121087
404,19.70551822506644
405,23.48666997526125
406,20.450349340456356
407,22.536242683316527
408,17.872668942222255
409,25.10086384675097
410,18.646741181786776
411,16.729998309392766
412,17.34655067221392
413,16.891160285805626
414,23.092284904219387
415,16.995232501090612
416,23.31244153870432
417,29.373747793287794
418,27.020587612083826
419,21.735527805732342
420,19.662164152712098
421,21.428144571464284
422,26.02281235699172
423,20.767478316351276
424,20.580310761877055
425,18.211432405101714
426,20.670021667501754
427,20.346764542431696
428,24.378476373375175
429,20.658265749668622
430,19.970266652274443
431,20.689195287167998
432,19.672003670368323
433,20.404149047519848
434,22.21135206659736
435,21.4125551503454
436,18.446013108482934
437,32.26745254107229
438,23.07767168212528
439,16.37214149422493
440,24.452523986444863
441,22.5193450316264
442,21.302901065078387
443,17.60888174110104
444,24.591072332302506
445,24.357475600080374
446,16.59131242963806
447,24.669213112784604
448,23.17318770001832
449,21.110345351313853
450,21.89712625925392
451,19.634145793229674
452,20.352574848475452
453,12.967807121499519
454,17.68613738755985
455,22.767070774978603
456,22.602900481306836
457,15.209724795735404
458,18.215750911926666
459,17.704973687168668
460,21.992492178512805
461,19.806500133215216
462,18.67320786427111
463,20.743356047862324
464,23.365984067392404
465,23.537254402029433
466,21.33953739082219
467,18.32722924807148
468,25.930908970031854
469,23.594404041932155
470,18.82671848384444
471,18.71151493225557
472,16.508597707569578
473,19.67414421722314
474,18.775065394613335
475,18.06869155715758
476,26.87552400683488
477,15.685350631110234
478,17.19715695510692
479,17.658062238223675
480,23.749876090576933
481,22.76690353365744
482,22.084627249374225
483,14.243615518385866
484,20.580441620823247
485,17.895417992729104
486,22.25454910497199
487,20.70162907844
488,25.39794386696271
489,24.27905614541912
490,17.179889775993193
491,22.08584517166285
492,18.535835787152365
493,15.727948206479214
494,20.32207594816052
495,23.99485605634341
496,16.97770754980562
497,19.757448205917143
498,19.429728423079528
499,24.582626982689913
500,18.153666713845517
501,22.17910238425051
502,20.20818447727115
503,22.102119764473176
504,22.570010501092877
505,23.214998525978856
506,22.014143237567882
507,26.827137800805044
508,16.452872671402975
509,19.76104868484907
510,20.829716686336262
511,24.470461915458163
512,20.039124077322672
513,17.008999498434495
514,20.67310531038902
515,19.03693662046258
516,27.171644497695098
517,17.04785895750549
518,27.5850423098057
519,20.42984444357296
520,14.34204049838158
521,20.843084488519164
522,30.159812705233765
523,18.26596244892674
524,19.70928035844783
525,15.54063828727277
526,20.866804983497815
527,23.4040225370097
528,18.984786527679905
529,21.837935393199817
530,17.967603456170252
531,15.993627974782981
532,20.408204757752312
533,15.605816847280229
534,20.85795068466093
535,17.58514899074639
536,23.16733225913409
537,18.09397735161665
538,19.261732644745408
539,23.44179603162084
540,28.448881504250902
541,18.56143445576205
542,24.410409753048693
543,26.046295534770223
544,18.662659976428316
545,17.20930893710377
546,18.84838228584446
547,20.00466699138924
548,21.025770915989337
549,21.946394415187594
550,30.16088443172622
551,18.999570126148665
552,21.534220100887904
553,17.943176259887945
554,20.186201332765645
555,18.066411750011305
556,28.373896377988046
557,20.24792522416739
558,21.036032318224542
559,25.89659578030492
560,21.944795040882838
561,19.110099327016474
562,15.471127357981063
563,17.722903261670886
564,24.049717248095675
565,21.40033774143022
566,24.445697608576584
567,22.084824394955415
568,26.236675400622385
569,22.677785036743646
570,22.20912080022418
571,19.322330857428394
572,17.71660563210809
573,22.382133256539884
574,21.844693912241258
575,21.88789940826017
576,17.395405763444035
577,24.051458093646556
578,19.501795283905683
579,21.118575565594412
580,20.271284422400274
581,21.663488684737775
582,20.443634849084038
583,17.819691090263593
584,23.76764782012377
585,18.06331259646044
586,19.733737639892002
587,16.36816476228784
588,18.697350828889075
589,23.84119377544022
590,18.421899460464303
591,20.31880071268206
592,18.86375367970097
593,19.91879656710991
594,24.050104482874776
595,22.506354067545647
596,27.441457128808036
597,17.210843673093958
598,22.728126054597535
599,18.045421099483146
600,14.440371256425264
601,20.089751215163563
602,20.571549803174708
603,24.744519759525872
604,18.763630957845578
605,20.36261916396929
606,15.560916179563788
607,25.10511918161829
608,19.874400049913966
609,18.288756046793015
610,27.169649774291003
611,26.404943329701855
612,24.496018486682544
613,17.523226546031115
614,19.283911823188483
615,24.818747261137403
616,21.209767650012786
617,23.941589263008876
618,16.210067633341726
619,15.490095970652819
620,18.610022423604082
621,17.53098075992272
622,19.174019839389306
623,24.924202890724146
624,14.754664262753437
625,23.331963622216747
626,16.764235374406578
627,17.994663776647197
628,22.88502721096877
629,20.570668468079543
630,24.045765689276354
631,21.046406104294523
632,25.599636299352824
633,23.49922747128088
634,17.886520717184457
635,20.167537037052274
636,21.125675810378752
637,17.7586404814086
638,16.044184145903525
639,27.13624412409621
640,15.221554622545886
641,21.172987656187566
642,18.695531924330243
643,24.12834705655031
644,25.898499686309986
645,20.934847647128297
646,28.507074122743248
647,14.646250176154973
648,29.278418568019845
649,16.72484701576207
650,18.424036360028335
651,22.585514339112162
652,16.932391716694312
653,21.36361141475243
654,21.20699431206882
655,18.059341721871824
656,16.662090508990648
657,21.190047309297654
658,23.269374183347782
659,13.174501214537528
660,29.201686196035784
661,20.961792903736637
662,17.55430397158494
663,24.57990236568905
664,18.32388825184735
665,15.103715365954272
666,20.397786443917244
667,16.858910027117524
668,20.389872191842933
669,19.86205583133369
670,16.728708549855416
671,24.404784201161416
672,18.576065458885342
673,13.276418853097601
674,22.958559521658014
675,21.519450526702126
676,27.31515143947838
677,21.630566773945045
678,15.804073479980602
679,17.406689533728237
680,23.720022514039048
681,26.281116989733608
682,23.180567242028204
683,21.312023046844555
684,27.577886643548638
685,15.322833104111936
686,22.322376483128156
687,17.953131275390344
688,19.095889885101336
689,24.6561337108912
690,23.165044793421334
691,17.18824024180816
692,18.088702224917714
693,13.869059973108698
694,17.114369557482473
695,15.444401995025336
696,21.151916052499782
697,24.275109859057583
698,25.98840997753376
699,20.551031017609805
700,16.038790427435867
701,17.60932182345294
702,17.993945213869893
703,22.095201063234594
704,28.48878005073143
705,19.83014475735815
706,24.317170133301364
707,22.752098693002893
708,21.326236396120187
709,17.024426555637962
710,16.961647553805303
711,15.729605523213229
712,16.276621995897777
713,25.88196786619677
714,21.319185919311654
715,19.80060643257988
716,15.04331599117171
717,20.44654933190076
718,19.703725809000066
719,25.20452390572852
720,21.075305993497025
721,18.660031430867836
722,21.58912810788155
723,16.868919696304946
724,23.874438774913386
725,24.217772257450008
726,18.769538158286565
727,21.16571919230979
728,16.266697856697323
729,23.632692703756252
730,22.412470795404925
731,20.900803515257596
732,19.083505376253246
733,19.008348867502658
734,17.579846807083104
735,15.807385713448403
736,21.547387201443822
737,16.390305527703195
738,14.426422895956897
739,20.022670485107238
740,28.33934778310318
741,18.03128300470252
742,24.576512632525944
743,16.04070852964917
744,22.64186485293079
745,16.642775544374263
746,14.57393266472434
747,20.8360581138549
748,17.771137273581946
749,19.517903623152794
750,18.928435498751288
751,21.3758797878471
752,23.840759604421304
753,19.147111217227764
754,23.442085478062634
755,18.08329040227398
756,16.227333644125935
757,20.166610149491337
758,17.39839286316187
759,20.846417752412034
760,21.412650829336986
761,21.630096822947298
762,19.50215043276845
763,19.38783710033436
764,22.446519626059594
765,20.118090663347818
766,21.79862176157304
767,24.394720069267223
768,23.922505154506222
769,23.66894997824949
770,22.561551853348444
771,19.127254337871246
772,22.55397900559322
773,14.64657698804974
774,19.526562067101267
775,22.655976114739456
776,18.600703872999922
777,26.24269628919413
778,18.023926704867506
779,22.785328434096233
780,25.054592261954753
781,23.057531487566738
782,19.019116675471818
783,22.08876015444247
784,19.189923066122784
785,18.998091070851036
786,21.597897872366996
787,15.808294751438616
788,15.554663100490592
789,25.978879553348705
790,20.03688661209625
791,19.506532530805718
792,18.409111970731647
793,17.913184021023422
794,22.142704103269022
795,18.967428566853084
796,22.010295628344547
797,18.19078988188684
798,13.26355844396413
799,21.634039248668973
800,19.969741775942236
801,23.698042233675505
802,20.365540425508804
803,26.027647114680516
804,20.71885786718599
805,21.828123738314456
806,24.502240206999804
807,15.740865059301525
808,24.34948651789189
809,21.689790624584997
810,19.3248321045049
811,20.936955642378262
812,17.893390063619268
813,17.327878949618448
814,26.103265268562154
815,13.668115667312014
816,17.595477667190234
817,16.03070561746154
818,22.672103326606674
819,12.368683916029324
820,27.88800406261352
821,28.70331032645196
822,29.798509479381888
823,19.070505715380307
824,18.46402594795459
825,13.282444002124818
826,20.762096404819015
827,16.838082727682362
828,22.113397143103423
829,25.11635495878787
830,20.628946255181507
831,19.351097949017475
832,19.76519602582774
833,15.996628117413872
834,19.630524527881892
835,20.956749499949083
836,18.591012378446603
837,21.513907088902783
838,19.20083182739057
839,20.495411196252032
840,17.04011594437769
841,22.725859361128062
842,23.23004413168779
843,19.02684187220899
844,16.470660068729973
845,18.251294055346612
846,18.812357317088185
847,18.806123180334627
848,18.355493727844287
849,15.859481882316034
850,15.078767784012028
851,15.153051036527687
852,19.702610661667507
853,23.534612483664674
854,23.167904432483862
855,20.866849719648357
856,18.282399158036853
857,20.80684449889576
858,19.94731883512393
859,22.200819099158696
860,24.39300848206554
861,20.542724932178675
862,22.49167196626321
863,26.937918037682437
864,19.383399971134335
865,17.4916519379024
866,18.396921256119022
867,19.719228185224072
868,27.22324588599011
869,22.726376764918708
870,19.959694330821247
871,27.24821755224814
872,22.214656609579546
873,20.73626002301602
874,18.866414682158634
875,19.92034459098362
876,15.101046786746904
877,23.996612298676144
878,24.749923447427832
879,21.436771308440218
880,19.021017121446757
881,16.476645248294478
882,20.007805061719292
883,25.13732698191454
884,19.741749442413113
885,20.825612237464878
886,19.688160045243144
887,22.117087838938176
888,16.694990651337246
889,18.102586964786344
890,22.04906746982678
891,26.189885895742034
892,20.915298986107782
893,17.499266039034286
894,14.39893012497611
895,21.691647792288634
896,19.975052409147825
897,22.808934619259276
898,25.18661210459436
899,16.801260535971267
900,12.755901549856299
901,19.352245130411585
902,17.916026379438804
903,18.2724370616364
904,15.898976915507026
905,20.598947639428562
906,23.949534522061132
907,21.794428727920305
908,16.920805891220127
909,18.113745547991147
910,20.34006772581075
911,18.19091374989388
912,17.403639760424277
913,29.50774412867916
914,16.93301758129557
915,23.45371888556384
916,18.34009839027595
917,24.310447757294337
918,23.62043886364178
919,19.767776213759223
920,23.19050117352189
921,21.282816454977198
922,23.020306252667623
923,22.5421289284767
924,16.474965356647427
925,17.215070525374227
926,18.70755751475956
927,30.275756031958323
928,14.616041710899191
929,25.184306091257444
930,14.767142830907531
931,16.577432379856095
932,19.455348190900825
933,17.40112223057531
934,28.211877467711915
935,25.912613240022555
936,14.380548379266692
937,20.353660448430798
938,21.843126183430865
939,28.41316885631785
940,17.005941360416944
941,23.26846912373944
942,23.622123241406328
943,18.63200572188303
944,15.194655981106118
945,29.23922448346011
946,22.04036425396423
947,21.889657405040353
948,28.672555263896072
949,21.13709861822288
950,22.483407679129883
951,26.771058323994286
952,21.20910220129934
953,21.64195910871977
954,19.34514121386719
955,21.19398969214335
956,21.838918340130448
957,22.415137793283566
958,21.178257257675455
959,17.92875804662013
960,14.19182634976425
961,20.6098291852663
962,20.474539987731145
963,16.926480699531172
964,22.80373241338964
965,19.072926781142662
966,18.34756237175841
967,18.62441002665105
968,19.74557710956696
969,21.748739996099342
970,19.151176974732937
971,23.88312523350224
972,27.748922613844858
973,25.28747996910785
974,25.24534469606172
975,22.835236824024992
976,17.701721258195093
977,22.024108817314072
978,14.132648715440274
979,21.360845631599307
980,22.015284334351705
981,17.725118353116255
982,18.675739159360344
983,16.812230683355974
984,21.701621057668163
985,20.86658256387857
986,18.905703721928763
987,14.961433000516047
988,16.730798645137124
989,22.52899055722295
990,21.75442362050806
991,22.669414880421527
992,19.473315878504316
993,19.918845456995488
994,21.10314241921782
995,19.159567139510802
996,18.90222158572084
997,20.8338170812727
998,15.541640167953544
999,19.886580361307924
1000,17.848236160074723
1001,21.050354456160118
1002,18.96159634125753
1003,19.379473221191812
1004,18.663085534975682
1005,17.602405808438373
1006,16.21073522630441
1007,20.201579324355034
1008,18.005218600708577
1009,20.432695490385196
1010,24.82606259301454
1011,24.723882609115687
1012,22.330830410030917
1013,15.878451970017103
1014,23.619396793559474
1015,17.92377904537648
1016,24.08234395140931
1017,24.18576830312966
1018,23.694155270729798
1019,24.431640580708475
1020,14.502447774288056
1021,17.386946436555455
1022,22.471895318407906
1023,16.908604031014438
1024,23.38133931597208
1025,20.053103075904637
1026,19.69733018438745
1027,24.26764487330784
1028,20.054191126645314
1029,21.224933820028223
1030,27.907178409889678
1031,26.169986119342884
1032,22.1755254289065
1033,24.599839478774456
1034,19.614396615209557
1035,17.63599790975547
1036,20.796136097515113
1037,16.780894439384962
1038,28.24452930818306
1039,19.594192979037807
1040,25.536835154329065
1041,21.09560360381901
1042,22.23717332751373
1043,17.69942451846408
1044,18.877567127485502
1045,21.122608650197588
1046,20.392520387306806
1047,15.405053213879853
1048,16.876762588040464
1049,20.715361971145715
1050,21.728276637067243
1051,26.434165774925248
1052,21.3549547207906
1053,22.641994562218727
1054,16.840190062863858
1055,23.583259161078484
1056,18.41871659970152
1057,21.27712893654315
1058,26.32039961730202
1059,24.322444129087117
1060,19.807138116377427
1061,23.32119649912427
1062,20.894815042137434
1063,12.819101751519563
1064,16.057262584934584
1065,18.773308611925064
1066,16.293647585758716
1067,14.802389030354576
1068,25.927991420839763
1069,20.863212641351875
1070,26.889877416740944
1071,20.978638317654134
1072,18.15488093032759
1073,20.10396442303259
1074,18.301515412561336
1075,19.167620951205958
1076,20.04910667500012
1077,15.400675178100487
1078,21.94489272309235
1079,23.992495040288308
1080,16.816711441313007
1081,21.730657505432266
1082,24.974745836197485
1083,23.876954101364827
1084,22.25588153382759
1085,21.45967630881067
1086,22.684534156683302
1087,19.549636113967548
1088,16.188484339941706
1089,17.04491149160873
1090,17.405199116998983
1091,20.200211821447752
1092,21.68871429855025
1093,22.208621878318493
1094,19.431178866044434
1095,23.11671909569314
1096,25.043234312724774
1097,22.34137549837033
1098,17.78230677932223
1099,19.380281228756175
1100,12.29153683975494
1101,20.299773058190166
1102,19.172036960967638
1103,23.428995009319664
1104,28.077369998393337
1105,25.45436685615863
1106,18.467942765367702
1107,15.411604342361551
1108,22.238952897323927
1109,22.754075715966636
1110,26.247582758766125
1111,21.544346404930707
1112,22.62530642645194
1113,14.181157347428218
1114,22.393653807753466
1115,23.268047937779965
1116,26.59765100091755
1117,21.549548072352653
1118,17.26979691405848
1119,22.860821053311327
1120,19.813193418835798
1121,20.585561172973016
1122,20.870212854675078
1123,21.96670651098636
1124,21.861720139669504
1125,19.2073724105251
1126,24.12517176689502
1127,19.725791302201404
1128,20.9571812212535
1129,20.068551656565475
1130,27.360786721223587
1131,20.103398476259613
1132,23.66946935478862
1133,22.06004611057402
1134,14.52233757740335
1135,17.787566789761822
1136,19.729212473095007
1137,23.729010028010602
1138,18.528827325422117
1139,20.513954586626514
1140,22.167026057305506
1141,16.528784293663545
1142,16.652883782751143
1143,20.020961718079022
1144,19.869899975139884
1145,26.883021078699212
1146,23.573133122318122
1147,14.939181388460343
1148,16.383216515224664
1149,18.02814859141426
1150,18.768643296125646
1151,16.13464668277663
1152,22.999815837948006
1153,27.9549774667833
1154,23.755785595105113
1155,19.34117092639311
1156,19.45057537598157
1157,27.682919278660375
1158,24.061199428046887
1159,20.656603313327064
1160,17.327432548060337
1161,21.911286603391915
1162,20.639223146631235
1163,24.011115635367656
1164,15.20174368149789
1165,22.612311413872618
1166,25.470672808696637
1167,17.005818198097593
1168,23.501692856167693
1169,16.5691114952874
1170,23.837996654423495
1171,23.498581157499117
1172,27.708632578942694
1173,21.573378891526826
1174,14.612756378547545
1175,17.57518019651813
1176,19.943385453465314
1177,17.269640924895278
1178,23.236462349948415
1179,19.576704866412083
1180,20.20472351549049
1181,17.73439373146172
1182,25.864485193127354
1183,20.35280330704356
1184,17.321651082195533
1185,21.019930558727864
1186,17.876094597484983
1187,25.47891729365888
1188,20.745393349663736
1189,19.202061272877042
1190,26.330693349313695
1191,15.248848109534848
1192,19.792835959086037
1193,21.063486521299318
1194,22.174193949949785
1195,20.61387606216243
1196,20.632878841047628
1197,20.30174816193952
1198,17.396954453448704
1199,19.76234570808018
1200,24.749130050799753
1201,19.698707641990804
1202,18.915987516000303
1203,20.193224428132964
1204,29.592775292862072
1205,14.733438826613034
1206,23.110787033947833
1207,21.935756319120824
1208,22.300421620970912
1209,18.115275124328548
1210,19.835765889277127
1211,23.5341844502463
1212,20.188018180362544
1213,18.094649033938964
1214,18.09994313615082
1215,26.57962342341
1216,20.59479481518585
1217,23.88598013670894
1218,21.26758727621564
1219,18.966212445619163
1220,19.12882804963822
1221,27.162613615446357
1222,22.883249574684584
1223,20.057440717019634
1224,25.021593145905147
1225,22.763015465838606
1226,16.28667014046388
1227,17.42096650620735
1228,21.110362801860926
1229,19.97703000744462
1230,21.665886845878756
1231,23.04619991200926
1232,18.61904042444065
1233,14.547644767130945
1234,22.38943416225372
1235,23.042603292891638
1236,17.365745639007983
1237,22.060283081754452
1238,21.439166259962732
1239,22.766242489988826
1240,14.116178480736588
1241,14.678202246692843
1242,21.97163778751616
1243,21.28677639415069
1244,13.707636165287765
1245,20.84968407930086
1246,24.064699711334374
1247,24.9844082775471
1248,17.22916988317459
1249,20.02154050396893
1250,25.256159687070994
1251,24.042868684290628
1252,22.57105748539303
1253,18.82401253065692
1254,27.6819840318377
1255,20.110308430843734
1256,18.546766530004156
1257,21.289909694177766
1258,19.95650406922938
1259,24.187442644113833
1260,14.93819357836305
1261,18.705777374839123
1262,20.071855841752164
1263,21.787558809833754
1264,14.50605184118587
1265,25.42727990592722
1266,25.21379913699683
1267,17.980777295507135
1268,19.106571821775734
1269,21.524126810341283
1270,18.107603385890766
1271,17.14046878595592
1272,23.173000801911755
1273,22.021533022806675
1274,22.411796800694123
1275,20.98718105656214
1276,17.00145588231202
1277,24.005316359355163
1278,19.58070980029151
1279,23.55232511490623
1280,19.91105423542232
1281,14.090028324926235
1282,25.60419856946068
1283,18.588452800393515
1284,25.095270016095117
1285,16.990221651052106
1286,16.325393469821567
1287,22.911308817977456
1288,25.20605756362198
1289,22.843940540211705
1290,24.540322010105328
1291,23.217402165936623
1292,27.09641204662927
1293,22.981994572768233
1294,13.912431175617025
1295,20.982838006463535
1296,20.7503867601681
1297,23.12911243235946
1298,20.80887684310164
1299,25.523318206166334
1300,32.8526003018336
1301,18.923740934535857
1302,19.060658787621524
1303,24.758981972557393
1304,20.20029810701659
1305,26.078510031503967
1306,15.305049754615695
1307,18.349808642520752
1308,18.90933164015237
1309,17.210291179107372
1310,18.341476506321353
1311,18.293759392778824
1312,28.700173991062425
1313,27.48566528002095
1314,20.853354513997065
1315,17.894578408465843
1316,19.142042821047692
1317,23.037496658792023
1318,22.04620963696577
1319,16.938452826774956
1320,14.718677319019404
1321,18.193517559754223
1322,19.91478543142967
1323,20.070751377676583
1324,18.382779297359235
1325,19.6234926950374
1326,32.492411785797735
1327,19.105795189943326
1328,15.907789720113053
1329,19.307347299485873
1330,24.97691874418714
1331,19.318047484440665
1332,15.84342796768212
1333,25.753871777165113
1334,15.32489169288526
1335,25.024649368117863
1336,22.8215730529767
1337,27.748501048621325
1338,22.989607583102774
1339,21.530683622523252
1340,18.982473107772837
1341,18.475980159310016
1342,26.486259841956294
1343,18.68019563126443
1344,18.200382737893772
1345,20.206979891780545
1346,22.890001456859697
1347,12.77300787829063
1348,19.89173074273584
1349,21.90193421144245
1350,16.547156728941506
1351,20.806785585640515
1352,18.51198789548279
1353,19.040531909185507
1354,18.704917036895335
1355,24.725037472751154
1356,14.46236206344801
1357,16.314266209922227
1358,21.265560172163855
1359,24.16838024030351
1360,17.559652376602504
1361,25.52419892367799
1362,25.662944450524538
1363,26.64128356638028
1364,25.853741960002008
1365,19.458239982795945
1366,22.715655897657516
1367,28.499924920467148
1368,14.562936442595564
1369,22.27133566676163
1370,21.459831292038448
1371,22.65467764210747
1372,25.54548424787411
1373,18.54980410398603
1374,20.572320315442347
1375,23.251382013875112
1376,23.095232632959156
1377,18.408988457225423
1378,17.802488296755378
1379,21.68607346351833
1380,26.75411202892803
1381,21.159474320234256
1382,21.272065450475548
1383,22.668564063719533
1384,19.87732937739153
1385,18.55870460466969
1386,13.821039237002362
1387,17.252564621820593
1388,14.94325299553625
1389,17.714252089346918
1390,18.62322843814639
1391,16.932225004448906
1392,13.624463158851732
1393,15.899244963560621
1394,19.10055024842089
1395,17.677660722457187
1396,17.348132390370115
1397,22.16086328105355
1398,19.649465844883938
1399,18.289471458105982
1400,21.98236937685974
1401,20.059398996543777
1402,15.776858823952372
1403,21.464968856527424
1404,15.52173691170607
1405,16.98599846130722
1406,24.2683731815298
1407,26.503997636888474
1408,17.883272772882638
1409,20.337604690527872
1410,17.542663139022963
1411,24.315325120982248
1412,17.15945320376018
1413,20.09336876947893
1414,23.821403115050398
1415,15.719607952456945
1416,14.16764857725268
1417,26.84585257801517
1418,26.183362142236977
1419,19.304346890598776
1420,28.002935654508363
1421,23.97107151193826
1422,20.8111424649334
1423,19.267986855890673
1424,21.031783420698208
1425,13.752015093259239
1426,29.05501812538085
1427,17.61228818040513
1428,16.882749538498892
1429,25.193834318813384
1430,25.234105616958956
1431,17.866036042000854
1432,17.173070302539042
1433,19.56562465768656
1434,28.285362251713128
1435,20.984369895115154
1436,16.887978286712812
1437,18.807488987763886
1438,22.55713933250789
1439,20.835681242712358
1440,21.563179070189268
1441,23.884450028929134
1442,20.80478445326303
1443,18.89319766639799
1444,16.204513726966198
1445,22.903108090340094
1446,23.71208104563986
1447,15.614854343928549
1448,26.997484355301083
1449,20.65375062993185
1450,18.972868839642164
1451,26.643185191826234
1452,14.4171951527603
1453,24.66396040046938
1454,25.197449639407854
1455,18.700132275276484
1456,25.298969972475486
1457,19.020635676347027
1458,20.27398081852205
1459,18.784626213401506
1460,16.626333467096433
1461,20.31324873901862
1462,21.313585217643002
1463,25.361611115149245
1464,23.268074762637898
1465,21.67997636574942
1466,19.10887857715257
1467,16.534278965550577
1468,25.624504462964314
1469,20.276727578634347
1470,17.956581624092433
1471,26.03988425793054
1472,20.14191883691023
1473,13.11696093870531
1474,25.774761205821502
1475,26.99716070914047
1476,24.178095978543322
1477,14.272443268998236
1478,18.87848322958622
1479,23.466614524577082
1480,20.42237016907346
1481,22.124916396033285
1482,22.588279479181253
1483,18.406420184017016
1484,14.955312134041414
1485,18.000222486908704
1486,18.18432060430071
1487,24.403531684084275
1488,14.55610263006811
1489,28.81916353359149
1490,21.06276052270947
1491,17.31317251918246
1492,21.083212320352512
1493,23.861212391389476
1494,21.82479785663469
1495,27.347605505486666
1496,20.214938550529038
1497,25.45062732420907
1498,20.657254373794576
1499,16.74876248377647
1500,20.615997001525162
1501,16.894131744247563
1502,18.90847444524424
1503,22.303808258029335
1504,21.692520997812164
1505,23.350699481244998
1506,17.978506525565777
1507,21.968515270455963
1508,25.60818878146874
1509,15.998590395595416
1510,16.38661303638568
1511,18.688057384450094
1512,28.66907899192417
1513,18.24226070740109
1514,21.291506666270607
1515,18.39004425589501
1516,23.20269915774917
1517,25.092049888238122
1518,23.876013731224727
1519,20.682770747437974
1520,17.599047063816386
1521,18.645601484764473
1522,24.554771010428123
1523,27.567727279684792
1524,24.622670766589323
1525,18.048495161388626
1526,22.696398246621868
1527,15.747562111280601
1528,23.7360672683143
1529,18.05958463737708
1530,21.106919967784812
1531,16.602600146708557
1532,19.404441235234298
1533,20.60992568280943
1534,19.35281466627112
1535,16.899695945647405
1536,19.50764945026086
1537,15.7050900261398
1538,18.34755810327391
1539,20.318052205417832
1540,20.661098674353443
1541,23.902522971584258
1542,21.469442693865172
1543,19.684210562164633
1544,20.779744494909476
1545,19.137209536716025
1546,18.84233567003187
1547,20.297926557167525
1548,21.0283725836068
1549,18.918128975126447
1550,15.127211979901526
1551,17.269459187937702
1552,17.7388102235247
1553,21.02559172018106
1554,14.6965346472603
1555,17.650669639391584
1556,20.243291926377527
1557,22.749471470632354
1558,20.972656340793325
1559,21.714926132467898
1560,22.58300987175581
1561,19.201456001654766
1562,24.556272724647698
1563,25.501817107414016
1564,24.977171021030745
1565,26.33790540364333
1566,15.85335915291516
1567,15.09631098114077
1568,16.335936035732313
1569,19.488264650580657
1570,21.755842358988534
1571,23.16749253679176
1572,21.287839438470932
1573,22.324565084177355
1574,24.03447935328303
1575,17.46556039827545
1576,21.2044405686177
1577,19.272453001148723
1578,29.700090832049895
1579,20.381513860379204
1580,24.717177775518678
1581,20.737573914524052
1582,18.610147721176006
1583,20.917103770482914
1584,16.93948676165335
1585,19.009598178407625
1586,23.81602495870244
1587,18.029248510613822
1588,14.211335088755574
1589,18.695358181397253
1590,23.04178997363898
1591,20.95768236287674
1592,20.878902422208743
1593,15.488485519208245
1594,24.567154981375964
1595,17.111744789508794
1596,20.191662815212332
1597,19.892368194929645
1598,17.040828013902424
1599,19.634844913835344
1600,20.455971644971388
1601,26.16274258741609
1602,19.66313572826767
1603,23.992441745372428
1604,17.167913400830987
1605,16.56193684767032
1606,16.817319512201276
1607,19.490792288657865
1608,20.8135033856536
1609,21.11550717645541
1610,18.015253811008574
1611,14.455198990673274
1612,24.09474297214633
1613,18.90455437454213
1614,22.436462399389914
1615,19.585585906538245
1616,25.58486915403503
1617,28.216974418437445
1618,18.291054988969492
1619,15.891533013183135
1620,21.391261925510303
1621,17.100294894824582
1622,25.067460544374924
1623,26.574508977310202
1624,19.5153272320849
1625,17.329209916016605
1626,16.90384294209223
1627,18.390270496068727
1628,25.827758003825974
1629,16.578382382785332
1630,17.45086972021539
1631,19.601406047745428
1632,22.13514384280147
1633,16.67942336981074
1634,19.050793179691322
1635,22.152666605577064
1636,24.354607424213697
1637,27.714994387945456
1638,16.044737276599857
1639,13.752519304379405
1640,20.330808304835298
1641,22.613257634401403
1642,16.694778236362932
1643,21.95455357525077
1644,15.777833575476942
1645,15.38639604066825
1646,19.65473133160095
1647,24.58898867422867
1648,18.69650845393015
1649,14.35546924752684
1650,21.48097086189078
1651,21.2637478867928
1652,18.347978460989875
1653,18.77032897532171
1654,17.195718561702893
1655,20.985649768311863
1656,16.916516317166757
1657,17.436111639456353
1658,19.502458937199375
1659,13.447948074079669
1660,20.349676285777132
1661,19.125167688198587
1662,18.673026319243643
1663,18.59946874450469
1664,21.458642384322076
1665,20.50449845140695
1666,19.516713253427984
1667,17.690858062457085
1668,19.18567408626969
1669,22.078312955617733
1670,21.309266996482496
1671,26.85466144463538
1672,15.66828752943192
1673,19.35905511198469
1674,19.6031700336796
1675,14.821234562475597
1676,26.3985231690689
1677,17.733102421943396
1678,22.717248605356755
1679,18.25322128621337
1680,18.402394226987717
1681,22.7633406091249
1682,26.27709856065945
1683,23.342987054059915
1684,15.900097030370185
1685,20.23991173641022
1686,23.08847648196253
1687,18.31074492201924
1688,26.97577449717293
1689,23.38184623333
1690,21.74299868068573
1691,21.206230651644944
1692,23.557947643555156
1693,27.80052612844742
1694,20.60259698823009
1695,20.78691900195108
1696,22.697225934477583
1697,22.611585381652787
1698,18.63649701204098
1699,16.529036500809692
1700,13.963513506096604
1701,18.944458129903225
1702,18.368328670584624
1703,15.156923791330636
1704,17.740257540844755
1705,19.972118694327502
1706,24.055272012838987
1707,20.169417564315914
1708,21.099683832607322
1709,18.84745167767215
1710,22.557314889183946
1711,12.674491855851917
1712,18.538449986848313
1713,26.122060511894944
1714,24.789965937761753
1715,19.504124876757405
1716,19.384951249818045
1717,17.26372058947302
1718,22.807759117916415
1719,19.839301370790178
1720,22.010558234437323
1721,28.588762218803993
1722,21.20909200370747
1723,25.885206214283574
1724,21.457841533039996
1725,21.83664004989272
1726,19.49345425731447
1727,21.85055619899597
1728,19.94521179162523
1729,22.00774054161519
1730,26.256140257185503
1731,22.897043897558927
1732,18.26141117141297
1733,19.033389903172452
1734,24.004418350732777
1735,21.92178019676022
1736,17.097600750694244
1737,21.023630020554027
1738,19.032765074112806
1739,17.663223288005803
1740,14.952277389942289
1741,17.036369170832014
1742,23.217436932099115
1743,17.310700702078297
1744,20.38128415441893
1745,17.758606330717544
1746,15.491396949437956
1747,20.12033153439454
1748,23.508686099554
1749,18.12717900629918
1750,22.14552221548244
1751,20.11022294305635
1752,18.888287280670365
1753,24.074133809661788
1754,22.832544384873945
1755,19.843093274846265
1756,23.40418328562995
1757,19.622586027266536
1758,20.58979017478772
1759,13.871330076527265
1760,19.949845871519614
1761,17.736117755449424
1762,18.247142443313766
1763,24.166969028757972
1764,24.686178266061884
1765,19.546110289681927
1766,23.154945771014823
1767,14.713289902454326
1768,20.57731898342595
1769,21.10420674281767
1770,23.644143721044255
1771,24.235596803094534
1772,16.967677038760414
1773,21.801829416761432
1774,23.663877482362693
1775,18.356340149234924
1776,19.950473354528587
1777,26.922698247136484
1778,24.24810695449322
1779,25.278760687717703
1780,27.107537371170864
1781,18.609915552998515
1782,16.47932838460844
1783,20.694621628139625
1784,26.954648877894666
1785,21.470879660036925
1786,24.980713057661916
1787,18.164513175848708
1788,21.00860590591008
1789,21.73926591822439
1790,17.367057011587075
1791,24.338379609861345
1792,18.337108591620126
1793,16.354898365856716
1794,25.51659505891538
1795,22.075221331762876
1796,23.487042515841136
1797,19.781758368006198
1798,28.28290798955382
1799,27.209627123059615
1800,26.08023348574051
1801,17.64659294792381
1802,27.75656742361748
1803,19.890038675554084
1804,19.473014640496338
1805,17.44882853205939
1806,19.22213058541007
1807,17.41460164456949
1808,21.184166290359816
1809,25.901696732283682
1810,20.680265339858064
1811,18.24981312712468
1812,16.224782167106405
1813,24.57244524832973
1814,25.05862134607791
1815,22.369194383816843
1816,17.826691486354097
1817,19.40596419531037
1818,20.50094639287538
1819,19.881103587376806
1820,29.24154398719376
1821,19.195097918932742
1822,20.4398296919308
1823,19.05014151340218
1824,26.380350607719965
1825,18.899418527221602
1826,19.25777860471221
1827,23.52585547501103
1828,24.21625377687519
1829,17.21771027867462
1830,20.12414919638808
1831,19.501262455312066
1832,20.00890350217772
1833,22.091075263647166
1834,18.87691672425459
1835,25.05310360536751
1836,16.474835037574092
1837,23.916414021644812
1838,17.146483078838063
1839,25.711501326260812
1840,22.30237765012491
1841,21.324761826696776
1842,19.24972834708286
1843,14.138997708543434
1844,25.78852675759343
1845,17.124890517004687
1846,27.495009747974475
1847,24.44587243411001
1848,22.45232292544178
1849,20.679468164868297
1850,19.71212044181346
1851,19.088484819213054
1852,24.29931471110586
1853,15.47802597693181
1854,14.582742207628975
1855,20.47889638353435
1856,17.17541619966023
1857,20.22005011415911
1858,21.846046041846922
1859,28.54434573781837
1860,21.068481787124465
1861,17.135519348777606
1862,15.332400078664064
1863,19.5094610513889
1864,22.96161378801179
1865,21.37299634227493
1866,17.123651733273388
1867,23.822058634851658
1868,22.711680719392703
1869,31.339068657195995
1870,30.505561819034785
1871,28.602886960694775
1872,18.921866564392918
1873,26.05484385532351
1874,26.10206098495765
1875,15.825256999723285
1876,24.110054496948703
1877,18.44259694542108
1878,24.856301154627218
1879,23.421236570163952
1880,18.737219246808433
1881,27.536345623367165
1882,14.074031276890478
1883,27.81294683248552
1884,17.139553338663305
1885,21.659546439080902
1886,15.890315702140866
1887,17.764033240697014
1888,16.169129720017317
1889,18.668483600689996
1890,18.695379717537126
1891,18.604962215489874
1892,22.769216238009317
1893,21.808471513909506
1894,19.43358158427978
1895,19.331211670222753
1896,24.840797889357763
1897,17.157731479708435
1898,18.15530964562959
1899,21.129667905063833
1900,20.597599554549756
1901,21.023242794133623
1902,16.29458136914744
1903,18.166315096363057
1904,22.353677473623407
1905,23.752517686738443
1906,15.106303907492254
1907,22.76782585822635
1908,17.898062099548053
1909,25.476240682483645
1910,19.158293162895692
1911,16.018123116184185
1912,18.212874125818974
1913,17.60449409967291
1914,28.547676984314382
1915,22.623567932697995
1916,22.44521795842901
1917,17.663405915071692
1918,14.548574669221127
1919,18.42456861436303
1920,14.740984672324911
1921,18.943259959172583
1922,17.5451015592928
1923,23.117787079291144
1924,21.904755772372965
1925,19.49306273176019
1926,18.435587715540503
1927,19.08120242229612
1928,22.579050780219237
1929,15.911454013606223
1930,21.256871386022254
1931,22.23358163760764
1932,27.30601781000686
1933,23.423828739911112
1934,20.466604488988995
1935,20.667316945759705
1936,24.042559773019775
1937,20.16877129224435
1938,22.748460271802372
1939,22.860539401365113
1940,21.829614146731046
1941,21.157945485681793
1942,22.05866471536186
1943,20.998199716247136
1944,19.89561223847393
1945,18.813528538621757
1946,21.39629811537942
1947,13.089774776801335
1948,16.947558525949198
1949,20.11787121029184
1950,19.31148777255358
1951,23.18297666024043
1952,26.248027229842858
1953,22.354857194356395
1954,18.918719828940016
1955,23.405329620371372
1956,16.707784075722255
1957,17.89075012232112
1958,20.924457637415344
1959,21.055496388526745
1960,16.902017746647303
1961,19.52546343416793
1962,20.55966834975258
1963,27.77951733787086
1964,22.98189638643446
1965,22.066334727283802
1966,20.65135347233223
1967,18.164421972130942
1968,18.45341792089855
1969,26.085296363237145
1970,12.415632092754732
1971,20.34366378413914
1972,18.18718324589778
1973,24.788882502936172
1974,17.131235678072617
1975,21.964678042308815
1976,18.657006287543677
1977,20.58764316133448
1978,14.401787269722135
1979,26.362146062155293
1980,19.717704335580695
1981,26.712027515066072
1982,19.15689658349152
1983,19.88870785941366
1984,15.830003192883913
1985,19.432083016381444
1986,21.667669003882676
1987,17.82730148114891
1988,16.48442178856668
1989,18.492113036280085
1990,16.42312078463901
1991,18.24574459026609
1992,20.37855161134962
1993,24.111542574106068
1994,15.053889279828006
1995,21.226546277500788
1996,21.352468628933867
1997,22.318148418702066
1998,19.11705125671938
1999,22.29378864259166
