station_id,block,model,y_true,y_pred,error,abs_error
ag_166943,0,XGBoost_coord_only,36.81610244988864,24.108057022094727,-12.708045427793913,12.708045427793913
ag_167419,0,XGBoost_coord_only,20.61056561085973,20.784547805786133,0.17398219492640266,0.17398219492640266
ag_167424,0,XGBoost_coord_only,24.225842572062085,23.346019744873047,-0.879822827189038,0.879822827189038
ag_167428,0,XGBoost_coord_only,56.136447058823535,31.43136978149414,-24.705077277329394,24.705077277329394
ag_167431,0,XGBoost_coord_only,41.8978196347032,30.452497482299805,-11.445322152403392,11.445322152403392
ag_167433,0,XGBoost_coord_only,24.89734966592428,26.91302490234375,2.0156752364194688,2.0156752364194688
ag_167437,0,XGBoost_coord_only,42.04588888888889,24.108057022094727,-17.937831866794163,17.937831866794163
ag_167590,0,XGBoost_coord_only,22.11118701007839,24.51935577392578,2.4081687638473923,2.4081687638473923
ag_167592,0,XGBoost_coord_only,23.10056541019956,24.369428634643555,1.2688632244439937,1.2688632244439937
ag_167594,0,XGBoost_coord_only,30.48597114317425,21.058223724365234,-9.427747418809016,9.427747418809016
ag_167597,0,XGBoost_coord_only,27.74075085324232,19.764568328857422,-7.9761825243849,7.9761825243849
ag_167601,0,XGBoost_coord_only,22.327466216216216,20.399307250976562,-1.9281589652396534,1.9281589652396534
ag_167605,0,XGBoost_coord_only,34.770435806831564,39.94254684448242,5.172111037650858,5.172111037650858
ag_167630,0,XGBoost_coord_only,26.60056670602125,20.758869171142578,-5.841697534878673,5.841697534878673
ag_167649,0,XGBoost_coord_only,22.98017857142857,20.369544982910156,-2.6106335885184144,2.6106335885184144
ag_167650,0,XGBoost_coord_only,27.23244668911336,20.369544982910156,-6.862901706203203,6.862901706203203
ag_167651,0,XGBoost_coord_only,30.5200332963374,34.89444351196289,4.374410215625492,4.374410215625492
ag_167659,0,XGBoost_coord_only,25.95516746411484,24.15979766845703,-1.795369795657809,1.795369795657809
ag_167661,0,XGBoost_coord_only,24.044142212189616,20.557567596435547,-3.486574615754069,3.486574615754069
ag_167668,0,XGBoost_coord_only,26.905184770436733,20.758869171142578,-6.146315599294155,6.146315599294155
ag_167687,0,XGBoost_coord_only,27.280553672316387,20.60894012451172,-6.671613547804668,6.671613547804668
ag_167689,0,XGBoost_coord_only,49.43425698324023,34.89444351196289,-14.539813471277341,14.539813471277341
ag_167693,0,XGBoost_coord_only,24.46900110987791,24.51935577392578,0.05035466404786959,0.05035466404786959
ag_167695,0,XGBoost_coord_only,30.13792792792793,20.369544982910156,-9.768382945017773,9.768382945017773
ag_167709,0,XGBoost_coord_only,42.39881243063263,30.452497482299805,-11.946314948332827,11.946314948332827
ag_171448,0,XGBoost_coord_only,27.976026637069925,20.758869171142578,-7.217157465927347,7.217157465927347
ag_173261,0,XGBoost_coord_only,30.854607268464243,23.152536392211914,-7.7020708762523284,7.7020708762523284
ag_186392,0,XGBoost_coord_only,28.270680803571427,20.60894012451172,-7.661740679059708,7.661740679059708
ag_167213,1,XGBoost_coord_only,26.76012542759408,32.14927291870117,5.389147491107092,5.389147491107092
ag_167221,1,XGBoost_coord_only,42.97034444444444,30.198463439941406,-12.771881004503037,12.771881004503037
ag_167254,1,XGBoost_coord_only,40.5311986681465,31.514787673950195,-9.016410994196306,9.016410994196306
ag_167263,1,XGBoost_coord_only,40.5800665926748,31.6546688079834,-8.925397784691398,8.925397784691398
ag_167264,1,XGBoost_coord_only,42.82975582685905,30.58582878112793,-12.24392704573112,12.24392704573112
ag_167265,1,XGBoost_coord_only,30.111977777777778,36.82199478149414,6.710017003716363,6.710017003716363
ag_167270,1,XGBoost_coord_only,34.923259423503325,36.8465690612793,1.9233096377759722,1.9233096377759722
ag_167418,1,XGBoost_coord_only,34.91602663706992,30.91987419128418,-3.9961524457857394,3.9961524457857394
ag_167420,1,XGBoost_coord_only,23.9483427922815,38.7973747253418,14.849031933060296,14.849031933060296
ag_167435,1,XGBoost_coord_only,44.08488584474886,30.198463439941406,-13.886422404807455,13.886422404807455
ag_167637,1,XGBoost_coord_only,35.83416851441242,36.8465690612793,1.0124005468668784,1.0124005468668784
ag_167639,1,XGBoost_coord_only,47.80423825887743,31.086763381958008,-16.717474876919425,16.717474876919425
ag_167641,1,XGBoost_coord_only,44.19655644241733,31.009275436401367,-13.187281006015965,13.187281006015965
ag_167643,1,XGBoost_coord_only,36.97994450610433,30.198463439941406,-6.781481066162925,6.781481066162925
ag_167645,1,XGBoost_coord_only,24.680410490307867,32.0367317199707,7.356321229662836,7.356321229662836
ag_167646,1,XGBoost_coord_only,35.41722530521643,36.8465690612793,1.4293437560628703,1.4293437560628703
ag_167647,1,XGBoost_coord_only,47.27906873614191,32.527591705322266,-14.751477030819643,14.751477030819643
ag_167654,1,XGBoost_coord_only,36.59514412416851,31.464712142944336,-5.130431981224177,5.130431981224177
ag_167656,1,XGBoost_coord_only,35.27526140155729,29.964937210083008,-5.31032419147428,5.31032419147428
ag_167663,1,XGBoost_coord_only,39.12950055493896,28.622028350830078,-10.507472204108879,10.507472204108879
ag_167670,1,XGBoost_coord_only,39.17978935698448,28.928064346313477,-10.251725010671002,10.251725010671002
ag_167673,1,XGBoost_coord_only,43.56289678135405,32.470252990722656,-11.092643790631392,11.092643790631392
ag_167679,1,XGBoost_coord_only,31.91108843537415,30.066944122314453,-1.8441443130596973,1.8441443130596973
ag_167683,1,XGBoost_coord_only,41.053040540540536,31.50996971130371,-9.543070829236825,9.543070829236825
ag_167688,1,XGBoost_coord_only,26.46891111111111,30.120576858520508,3.651665747409396,3.651665747409396
ag_167691,1,XGBoost_coord_only,34.87115555555555,30.120576858520508,-4.750578697035046,4.750578697035046
ag_167694,1,XGBoost_coord_only,30.627702552719203,33.979312896728516,3.3516103440093126,3.3516103440093126
ag_170429,1,XGBoost_coord_only,24.48137777777778,38.68483352661133,14.203455748833548,14.203455748833548
ag_166942,2,XGBoost_coord_only,33.948553811659195,40.0654411315918,6.1168873199326015,6.1168873199326015
ag_167207,2,XGBoost_coord_only,32.76475977653631,39.52100372314453,6.7562439466082225,6.7562439466082225
ag_167266,2,XGBoost_coord_only,30.2403125,40.0654411315918,9.825128631591795,9.825128631591795
ag_167422,2,XGBoost_coord_only,26.19518475750577,33.96024703979492,7.765062282289151,7.765062282289151
ag_167613,2,XGBoost_coord_only,36.66537558685446,36.112022399902344,-0.5533531869521155,0.5533531869521155
ag_167678,2,XGBoost_coord_only,34.338178770949725,35.40227127075195,1.0640924998022285,1.0640924998022285
ag_167209,3,XGBoost_coord_only,21.66009090909091,33.22321319580078,11.56312228670987,11.56312228670987
ag_167214,3,XGBoost_coord_only,23.239001109877915,37.6798210144043,14.440819904526382,14.440819904526382
ag_167215,3,XGBoost_coord_only,19.23711448598131,29.622455596923828,10.38534111094252,10.38534111094252
ag_167216,3,XGBoost_coord_only,25.298002219755823,39.86820602416992,14.5702038044141,14.5702038044141
ag_167255,3,XGBoost_coord_only,22.11852144469525,31.88005256652832,9.76153112183307,9.76153112183307
ag_167257,3,XGBoost_coord_only,24.68973362930078,32.24063491821289,7.550901288912112,7.550901288912112
ag_167259,3,XGBoost_coord_only,22.32473625140292,28.534257888793945,6.209521637391024,6.209521637391024
ag_167415,3,XGBoost_coord_only,28.609247434435577,27.30411720275879,-1.305130231676788,1.305130231676788
ag_167417,3,XGBoost_coord_only,21.53769401330377,36.385677337646484,14.847983324342714,14.847983324342714
ag_167432,3,XGBoost_coord_only,24.715494994438263,37.18928146362305,12.473786469184784,12.473786469184784
ag_167436,3,XGBoost_coord_only,21.387602739726027,29.181175231933594,7.793572492207566,7.793572492207566
ag_167580,3,XGBoost_coord_only,21.02930917327293,28.19524574279785,7.16593656952492,7.16593656952492
ag_167584,3,XGBoost_coord_only,22.3288850967008,39.41944885253906,17.09056375583826,17.09056375583826
ag_167589,3,XGBoost_coord_only,24.320199778024417,38.772422790527344,14.452223012502927,14.452223012502927
ag_167593,3,XGBoost_coord_only,20.48059564719359,29.622455596923828,9.14185994973024,9.14185994973024
ag_167596,3,XGBoost_coord_only,21.68850114416476,30.436182022094727,8.747680877929966,8.747680877929966
ag_167598,3,XGBoost_coord_only,22.2274182638106,25.447111129760742,3.219692865950144,3.219692865950144
ag_167602,3,XGBoost_coord_only,21.001136363636363,27.212108612060547,6.210972248424184,6.210972248424184
ag_167604,3,XGBoost_coord_only,22.458125,32.2880744934082,9.829949493408204,9.829949493408204
ag_167608,3,XGBoost_coord_only,23.23104966139955,30.76432228088379,7.53327261948424,7.53327261948424
ag_167614,3,XGBoost_coord_only,22.94640229885057,26.602022171020508,3.6556198721699396,3.6556198721699396
ag_167615,3,XGBoost_coord_only,23.11421645997745,25.40365219116211,2.2894357311846605,2.2894357311846605
ag_167616,3,XGBoost_coord_only,24.722796317606445,29.72172737121582,4.998931053609375,4.998931053609375
ag_167618,3,XGBoost_coord_only,22.5049497206704,39.843013763427734,17.338064042757335,17.338064042757335
ag_167634,3,XGBoost_coord_only,25.93265625,39.58793640136719,13.655280151367187,13.655280151367187
ag_167642,3,XGBoost_coord_only,21.07283615819209,25.40365219116211,4.33081603297002,4.33081603297002
ag_167644,3,XGBoost_coord_only,29.639099201824404,39.111358642578125,9.47225944075372,9.47225944075372
ag_167652,3,XGBoost_coord_only,28.29983333333333,39.55451583862305,11.254682505289718,11.254682505289718
ag_167655,3,XGBoost_coord_only,33.938416856492026,39.714847564697266,5.77643070820524,5.77643070820524
ag_167674,3,XGBoost_coord_only,28.106836847946724,34.931697845458984,6.8248609975122605,6.8248609975122605
ag_167675,3,XGBoost_coord_only,26.23143015521064,34.931697845458984,8.700267690248346,8.700267690248346
ag_167680,3,XGBoost_coord_only,30.919267480577133,28.372081756591797,-2.5471857239853364,2.5471857239853364
ag_167702,3,XGBoost_coord_only,27.225432372505544,34.12809371948242,6.902661346976878,6.902661346976878
ag_167706,3,XGBoost_coord_only,23.25518847006652,37.6798210144043,14.424632544337776,14.424632544337776
ag_171445,3,XGBoost_coord_only,21.09608154020385,30.73847198486328,9.64239044465943,9.64239044465943
ag_171446,3,XGBoost_coord_only,20.78691011235955,30.383617401123047,9.596707288763497,9.596707288763497
ag_171447,3,XGBoost_coord_only,26.27943728018757,29.56170654296875,3.282269262781181,3.282269262781181
ag_173269,3,XGBoost_coord_only,20.33767494356659,30.73847198486328,10.400797041296691,10.400797041296691
ag_167258,4,XGBoost_coord_only,46.92680459770115,37.74702453613281,-9.179780061568337,9.179780061568337
ag_167430,4,XGBoost_coord_only,43.56554794520548,33.21784973144531,-10.347698213760168,10.347698213760168
ag_167585,4,XGBoost_coord_only,41.25696329254728,40.70555114746094,-0.5514121450863456,0.5514121450863456
ag_167586,4,XGBoost_coord_only,45.47550951847704,35.04413604736328,-10.431373471113758,10.431373471113758
ag_167662,4,XGBoost_coord_only,41.26955555555556,31.97614860534668,-9.293406950208883,9.293406950208883
ag_167677,4,XGBoost_coord_only,40.60752650176679,40.71141815185547,0.10389165008867707,0.10389165008867707
ag_167701,4,XGBoost_coord_only,36.10541905855339,40.89575958251953,4.790340523966144,4.790340523966144
